NUMBER_OF_OBSERVATIONS,OBSERVATION_TIME_FRACTION,TIME_DELTA,TOTAL_POINTS,SAMPLING_METHOD,LAYER_RATIOS,INPUT_RANGE,HIDDEN_DIMENSION,NUMBER_OF_EPOCHS,LEARNING_RATE,PHYSICS_WEIGHT,STEPSIZE,NUMBER_OF_ITERATIONS,TEMPERATURE,X_TOLERANCE,F_TOLERANCE,MAX_NFEV,A_PERT,ECC_PERT,INC_PERT,RAAN_PERT,ARGPER_PERT,ANOM_PERT,POS_RMSE,POS_RMSE_NLLS,VEL_RMSE,VEL_RMSE_NLLS,FILE_USED,SAVED_AS
260,0.5,1e-10 d,300,uniform,"[(0.0, 0.0001), (0.0001, 0.9999), (0.9999, 1.0)]","(-1, 1)",20,100000,0.01,1,1,50,1,1E-15,1E-15,100,0,0,0,0,0,0,414.206944008079,414.206944008079,0.0550676865319096,0.0550676865319096,NA,2BD_GEO_GROUND_SGD_run_0.csv
260,0.5,1e-10 d,300,uniform,"[(0.0, 0.0001), (0.0001, 0.9999), (0.9999, 1.0)]","(-1, 1)",20,100000,0.01,1,1,50,1,1E-15,1E-15,100,0,0,0,0,0,0,202.882988145676,202.882988145676,0.0268120682589768,0.0268120682589768,NA,2BD_GEO_GROUND_SGD_run_4.csv
260,0.5,1e-10 d,300,uniform,"[(0.0, 0.0001), (0.0001, 0.9999), (0.9999, 1.0)]","(-1, 1)",20,100000,0.01,1,1,50,1,1E-15,1E-15,100,0,0,0,0,0,0,262.342877084673,262.342877084673,0.0359892987004221,0.0359892987004221,NA,2BD_GEO_GROUND_SGD_run_8.csv
260,0.5,1e-10 d,300,uniform,"[(0.0, 0.0001), (0.0001, 0.9999), (0.9999, 1.0)]","(-1, 1)",20,100000,0.01,1,1,50,1,1E-15,1E-15,100,0,0,0,0,0,0,531.789591839465,531.789591839465,0.073313622157635,0.073313622157635,NA,2BD_GEO_GROUND_SGD_run_1.csv
260,0.5,1e-10 d,300,uniform,"[(0.0, 0.0001), (0.0001, 0.9999), (0.9999, 1.0)]","(-1, 1)",20,100000,0.01,1,1,50,1,1E-15,1E-15,100,0,0,0,0,0,0,1012.79293936479,1012.79293936479,0.152278098174542,0.152278098174542,NA,2BD_GEO_GROUND_SGD_run_5.csv
260,0.5,1e-10 d,300,uniform,"[(0.0, 0.0001), (0.0001, 0.9999), (0.9999, 1.0)]","(-1, 1)",20,100000,0.01,1,1,50,1,1E-15,1E-15,100,0,0,0,0,0,0,355.998122372298,355.998122372298,0.0529383917493265,0.0529383917493265,NA,2BD_GEO_GROUND_SGD_run_9.csv
260,0.5,1e-10 d,300,uniform,"[(0.0, 0.0001), (0.0001, 0.9999), (0.9999, 1.0)]","(-1, 1)",20,100000,0.01,1,1,50,1,1E-15,1E-15,100,0,0,0,0,0,0,430.070000202039,430.070000202039,0.054903135692712,0.054903135692712,NA,2BD_GEO_GROUND_SGD_run_2.csv
260,0.5,1e-10 d,300,uniform,"[(0.0, 0.0001), (0.0001, 0.9999), (0.9999, 1.0)]","(-1, 1)",20,100000,0.01,1,1,50,1,1E-15,1E-15,100,0,0,0,0,0,0,590.906753349293,590.906753349293,0.0750353385566914,0.0750353385566914,NA,2BD_GEO_GROUND_SGD_run_6.csv
260,0.5,1e-10 d,300,uniform,"[(0.0, 0.0001), (0.0001, 0.9999), (0.9999, 1.0)]","(-1, 1)",20,100000,0.01,1,1,50,1,1E-15,1E-15,100,0,0,0,0,0,0,780.598904070797,780.598904070797,0.113543942659846,0.113543942659846,NA,2BD_GEO_GROUND_SGD_run_3.csv
260,0.5,1e-10 d,300,uniform,"[(0.0, 0.0001), (0.0001, 0.9999), (0.9999, 1.0)]","(-1, 1)",20,100000,0.01,1,1,50,1,1E-15,1E-15,100,0,0,0,0,0,0,1332.02912901239,1332.02912901239,0.194627095637954,0.194627095637954,NA,2BD_GEO_GROUND_SGD_run_7.csv
260,0.5,1e-10 d,300,uniform,"[(0.0, 0.0001), (0.0001, 0.9999), (0.9999, 1.0)]","(-1, 1)",20,100000,0.01,10,1,50,1,1E-15,1E-15,100,0,0,0,0,0,0,30.3189803955229,30.3189803955229,0.00481831648212223,0.00481831648212223,NA,2BD_GEO_GROUND_SGD_run_0.csv
260,0.5,1e-10 d,300,uniform,"[(0.0, 0.0001), (0.0001, 0.9999), (0.9999, 1.0)]","(-1, 1)",20,100000,0.01,10,1,50,1,1E-15,1E-15,100,0,0,0,0,0,0,58.8110035212061,58.8110035212061,0.00974241596539372,0.00974241596539372,NA,2BD_GEO_GROUND_SGD_run_4.csv
260,0.5,1e-10 d,300,uniform,"[(0.0, 0.0001), (0.0001, 0.9999), (0.9999, 1.0)]","(-1, 1)",20,100000,0.01,10,1,50,1,1E-15,1E-15,100,0,0,0,0,0,0,91.7309687762656,91.7309687762656,0.0127229430084518,0.0127229430084518,NA,2BD_GEO_GROUND_SGD_run_8.csv
260,0.5,1e-10 d,300,uniform,"[(0.0, 0.0001), (0.0001, 0.9999), (0.9999, 1.0)]","(-1, 1)",20,100000,0.01,10,1,50,1,1E-15,1E-15,100,0,0,0,0,0,0,74.0877432821471,74.0877432821471,0.00920217296970939,0.00920217296970939,NA,2BD_GEO_GROUND_SGD_run_1.csv
260,0.5,1e-10 d,300,uniform,"[(0.0, 0.0001), (0.0001, 0.9999), (0.9999, 1.0)]","(-1, 1)",20,100000,0.01,10,1,50,1,1E-15,1E-15,100,0,0,0,0,0,0,20.9758514244743,20.9758514244743,0.00478703234323157,0.00478703234323157,NA,2BD_GEO_GROUND_SGD_run_5.csv
260,0.5,1e-10 d,300,uniform,"[(0.0, 0.0001), (0.0001, 0.9999), (0.9999, 1.0)]","(-1, 1)",20,100000,0.01,10,1,50,1,1E-15,1E-15,100,0,0,0,0,0,0,234.474998416869,234.474998416869,0.0313623684267215,0.0313623684267215,NA,2BD_GEO_GROUND_SGD_run_9.csv
260,0.5,1e-10 d,300,uniform,"[(0.0, 0.0001), (0.0001, 0.9999), (0.9999, 1.0)]","(-1, 1)",20,100000,0.01,10,1,50,1,1E-15,1E-15,100,0,0,0,0,0,0,34.9028742264891,34.9028742264891,0.00671326241468103,0.00671326241468103,NA,2BD_GEO_GROUND_SGD_run_2.csv
260,0.5,1e-10 d,300,uniform,"[(0.0, 0.0001), (0.0001, 0.9999), (0.9999, 1.0)]","(-1, 1)",20,100000,0.01,10,1,50,1,1E-15,1E-15,100,0,0,0,0,0,0,40.7020223006777,40.7020223006777,0.00748504011195621,0.00748504011195621,NA,2BD_GEO_GROUND_SGD_run_6.csv
260,0.5,1e-10 d,300,uniform,"[(0.0, 0.0001), (0.0001, 0.9999), (0.9999, 1.0)]","(-1, 1)",20,100000,0.01,10,1,50,1,1E-15,1E-15,100,0,0,0,0,0,0,112.707096479938,112.707096479938,0.0164742356515265,0.0164742356515265,NA,2BD_GEO_GROUND_SGD_run_3.csv
260,0.5,1e-10 d,300,uniform,"[(0.0, 0.0001), (0.0001, 0.9999), (0.9999, 1.0)]","(-1, 1)",20,100000,0.01,10,1,50,1,1E-15,1E-15,100,0,0,0,0,0,0,34.9183459161784,34.9183459161784,0.00688436138351691,0.00688436138351691,NA,2BD_GEO_GROUND_SGD_run_7.csv
260,0.5,1e-10 d,300,uniform,"[(0.0, 0.0001), (0.0001, 0.9999), (0.9999, 1.0)]","(-1, 1)",20,100000,0.01,100,1,50,1,1E-15,1E-15,100,0,0,0,0,0,0,28.4532353076469,28.4532353076469,0.00353031817468228,0.00353031817468228,NA,2BD_GEO_GROUND_SGD_run_0.csv
260,0.5,1e-10 d,300,uniform,"[(0.0, 0.0001), (0.0001, 0.9999), (0.9999, 1.0)]","(-1, 1)",20,100000,0.01,100,1,50,1,1E-15,1E-15,100,0,0,0,0,0,0,43.9701358415776,43.9701358415776,0.00606304530112728,0.00606304530112728,NA,2BD_GEO_GROUND_SGD_run_4.csv
260,0.5,1e-10 d,300,uniform,"[(0.0, 0.0001), (0.0001, 0.9999), (0.9999, 1.0)]","(-1, 1)",20,100000,0.01,100,1,50,1,1E-15,1E-15,100,0,0,0,0,0,0,52.5875391077449,52.5875391077449,0.00713259064668178,0.00713259064668178,NA,2BD_GEO_GROUND_SGD_run_8.csv
260,0.5,1e-10 d,300,uniform,"[(0.0, 0.0001), (0.0001, 0.9999), (0.9999, 1.0)]","(-1, 1)",20,100000,0.01,100,1,50,1,1E-15,1E-15,100,0,0,0,0,0,0,126.857890878183,126.857890878183,0.0143125816092926,0.0143125816092926,NA,2BD_GEO_GROUND_SGD_run_1.csv
260,0.5,1e-10 d,300,uniform,"[(0.0, 0.0001), (0.0001, 0.9999), (0.9999, 1.0)]","(-1, 1)",20,100000,0.01,100,1,50,1,1E-15,1E-15,100,0,0,0,0,0,0,90.8768735182161,90.8768735182161,0.0128749242000683,0.0128749242000683,NA,2BD_GEO_GROUND_SGD_run_5.csv
260,0.5,1e-10 d,300,uniform,"[(0.0, 0.0001), (0.0001, 0.9999), (0.9999, 1.0)]","(-1, 1)",20,100000,0.01,100,1,50,1,1E-15,1E-15,100,0,0,0,0,0,0,75.87254802358,75.87254802358,0.00874615900907579,0.00874615900907579,NA,2BD_GEO_GROUND_SGD_run_9.csv
260,0.5,1e-10 d,300,uniform,"[(0.0, 0.0001), (0.0001, 0.9999), (0.9999, 1.0)]","(-1, 1)",20,100000,0.01,100,1,50,1,1E-15,1E-15,100,0,0,0,0,0,0,104.976767876549,104.976767876549,0.0123988905914642,0.0123988905914642,NA,2BD_GEO_GROUND_SGD_run_2.csv
260,0.5,1e-10 d,300,uniform,"[(0.0, 0.0001), (0.0001, 0.9999), (0.9999, 1.0)]","(-1, 1)",20,100000,0.01,100,1,50,1,1E-15,1E-15,100,0,0,0,0,0,0,78.861934829107,78.861934829107,0.00903631301662232,0.00903631301662232,NA,2BD_GEO_GROUND_SGD_run_6.csv
260,0.5,1e-10 d,300,uniform,"[(0.0, 0.0001), (0.0001, 0.9999), (0.9999, 1.0)]","(-1, 1)",20,100000,0.01,100,1,50,1,1E-15,1E-15,100,0,0,0,0,0,0,104.219881849757,104.219881849757,0.0133150290889412,0.0133150290889412,NA,2BD_GEO_GROUND_SGD_run_3.csv
260,0.5,1e-10 d,300,uniform,"[(0.0, 0.0001), (0.0001, 0.9999), (0.9999, 1.0)]","(-1, 1)",20,100000,0.01,100,1,50,1,1E-15,1E-15,100,0,0,0,0,0,0,106.015692766204,106.015692766204,0.0122243593102462,0.0122243593102462,NA,2BD_GEO_GROUND_SGD_run_7.csv
260,0.5,1e-10 d,300,uniform,"[(0.0, 0.0001), (0.0001, 0.9999), (0.9999, 1.0)]","(-1, 1)",20,100000,0.01,1000,1,50,1,1E-15,1E-15,100,0,0,0,0,0,0,144.746391815861,144.746391815861,0.0156273524494103,0.0156273524494103,NA,2BD_GEO_GROUND_SGD_run_0.csv
260,0.5,1e-10 d,300,uniform,"[(0.0, 0.0001), (0.0001, 0.9999), (0.9999, 1.0)]","(-1, 1)",20,100000,0.01,1000,1,50,1,1E-15,1E-15,100,0,0,0,0,0,0,416.665499419354,416.665499419354,0.0448029104643681,0.0448029104643681,NA,2BD_GEO_GROUND_SGD_run_4.csv
260,0.5,1e-10 d,300,uniform,"[(0.0, 0.0001), (0.0001, 0.9999), (0.9999, 1.0)]","(-1, 1)",20,100000,0.01,1000,1,50,1,1E-15,1E-15,100,0,0,0,0,0,0,65.6661521353586,65.6661521353586,0.00736681155486344,0.00736681155486344,NA,2BD_GEO_GROUND_SGD_run_8.csv
260,0.5,1e-10 d,300,uniform,"[(0.0, 0.0001), (0.0001, 0.9999), (0.9999, 1.0)]","(-1, 1)",20,100000,0.01,1000,1,50,1,1E-15,1E-15,100,0,0,0,0,0,0,262.988977142935,262.988977142935,0.0284629325813967,0.0284629325813967,NA,2BD_GEO_GROUND_SGD_run_1.csv
260,0.5,1e-10 d,300,uniform,"[(0.0, 0.0001), (0.0001, 0.9999), (0.9999, 1.0)]","(-1, 1)",20,100000,0.01,1000,1,50,1,1E-15,1E-15,100,0,0,0,0,0,0,68.2640979025093,68.2640979025093,0.00761487805075999,0.00761487805075999,NA,2BD_GEO_GROUND_SGD_run_5.csv
260,0.5,1e-10 d,300,uniform,"[(0.0, 0.0001), (0.0001, 0.9999), (0.9999, 1.0)]","(-1, 1)",20,100000,0.01,1000,1,50,1,1E-15,1E-15,100,0,0,0,0,0,0,40.2527325266184,40.2527325266184,0.0045539930157219,0.0045539930157219,NA,2BD_GEO_GROUND_SGD_run_9.csv
260,0.5,1e-10 d,300,uniform,"[(0.0, 0.0001), (0.0001, 0.9999), (0.9999, 1.0)]","(-1, 1)",20,100000,0.01,1000,1,50,1,1E-15,1E-15,100,0,0,0,0,0,0,218.095875573441,218.095875573441,0.0236580178954921,0.0236580178954921,NA,2BD_GEO_GROUND_SGD_run_2.csv
260,0.5,1e-10 d,300,uniform,"[(0.0, 0.0001), (0.0001, 0.9999), (0.9999, 1.0)]","(-1, 1)",20,100000,0.01,1000,1,50,1,1E-15,1E-15,100,0,0,0,0,0,0,204.963053563971,204.963053563971,0.0223588536735371,0.0223588536735371,NA,2BD_GEO_GROUND_SGD_run_6.csv
260,0.5,1e-10 d,300,uniform,"[(0.0, 0.0001), (0.0001, 0.9999), (0.9999, 1.0)]","(-1, 1)",20,100000,0.01,1000,1,50,1,1E-15,1E-15,100,0,0,0,0,0,0,349.381535937136,349.381535937136,0.037732205611763,0.037732205611763,NA,2BD_GEO_GROUND_SGD_run_3.csv
260,0.5,1e-10 d,300,uniform,"[(0.0, 0.0001), (0.0001, 0.9999), (0.9999, 1.0)]","(-1, 1)",20,100000,0.01,1000,1,50,1,1E-15,1E-15,100,0,0,0,0,0,0,256.144377775147,256.144377775147,0.0277152453775678,0.0277152453775678,NA,2BD_GEO_GROUND_SGD_run_7.csv
260,0.5,1e-10 d,300,uniform,"[(0.0, 0.0001), (0.0001, 0.9999), (0.9999, 1.0)]","(-1, 1)",20,100000,0.01,10000,1,50,1,1E-15,1E-15,100,0,0,0,0,0,0,1434.39301516853,1434.39301516853,0.150719789271864,0.150719789271864,NA,2BD_GEO_GROUND_SGD_run_0.csv
260,0.5,1e-10 d,300,uniform,"[(0.0, 0.0001), (0.0001, 0.9999), (0.9999, 1.0)]","(-1, 1)",20,100000,0.01,10000,1,50,1,1E-15,1E-15,100,0,0,0,0,0,0,1649.94657759207,1649.94657759207,0.172101387446672,0.172101387446672,NA,2BD_GEO_GROUND_SGD_run_4.csv
260,0.5,1e-10 d,300,uniform,"[(0.0, 0.0001), (0.0001, 0.9999), (0.9999, 1.0)]","(-1, 1)",20,100000,0.01,10000,1,50,1,1E-15,1E-15,100,0,0,0,0,0,0,454.56275346876,454.56275346876,0.0484706062652005,0.0484706062652005,NA,2BD_GEO_GROUND_SGD_run_8.csv
260,0.5,1e-10 d,300,uniform,"[(0.0, 0.0001), (0.0001, 0.9999), (0.9999, 1.0)]","(-1, 1)",20,100000,0.01,10000,1,50,1,1E-15,1E-15,100,0,0,0,0,0,0,1449.73293878466,1449.73293878466,0.151640338307363,0.151640338307363,NA,2BD_GEO_GROUND_SGD_run_1.csv
260,0.5,1e-10 d,300,uniform,"[(0.0, 0.0001), (0.0001, 0.9999), (0.9999, 1.0)]","(-1, 1)",20,100000,0.01,10000,1,50,1,1E-15,1E-15,100,0,0,0,0,0,0,256.504229388342,256.504229388342,0.0274911459117546,0.0274911459117546,NA,2BD_GEO_GROUND_SGD_run_5.csv
260,0.5,1e-10 d,300,uniform,"[(0.0, 0.0001), (0.0001, 0.9999), (0.9999, 1.0)]","(-1, 1)",20,100000,0.01,10000,1,50,1,1E-15,1E-15,100,0,0,0,0,0,0,551.023880470878,551.023880470878,0.0585978270375526,0.0585978270375526,NA,2BD_GEO_GROUND_SGD_run_9.csv
260,0.5,1e-10 d,300,uniform,"[(0.0, 0.0001), (0.0001, 0.9999), (0.9999, 1.0)]","(-1, 1)",20,100000,0.01,10000,1,50,1,1E-15,1E-15,100,0,0,0,0,0,0,555.096726294859,555.096726294859,0.0591288836365463,0.0591288836365463,NA,2BD_GEO_GROUND_SGD_run_2.csv
260,0.5,1e-10 d,300,uniform,"[(0.0, 0.0001), (0.0001, 0.9999), (0.9999, 1.0)]","(-1, 1)",20,100000,0.01,10000,1,50,1,1E-15,1E-15,100,0,0,0,0,0,0,893.623542048248,893.623542048248,0.094450642223974,0.094450642223974,NA,2BD_GEO_GROUND_SGD_run_6.csv
260,0.5,1e-10 d,300,uniform,"[(0.0, 0.0001), (0.0001, 0.9999), (0.9999, 1.0)]","(-1, 1)",20,100000,0.01,10000,1,50,1,1E-15,1E-15,100,0,0,0,0,0,0,831.532332399313,831.532332399313,0.0882001037118467,0.0882001037118467,NA,2BD_GEO_GROUND_SGD_run_3.csv
260,0.5,1e-10 d,300,uniform,"[(0.0, 0.0001), (0.0001, 0.9999), (0.9999, 1.0)]","(-1, 1)",20,100000,0.01,10000,1,50,1,1E-15,1E-15,100,0,0,0,0,0,0,486.397684690492,486.397684690492,0.0517042621436285,0.0517042621436285,NA,2BD_GEO_GROUND_SGD_run_7.csv
